{"Episode_Termination/base_vel_too_high":0,"Episode_Reward/upper_body/termination":-0.002400870667770505,"_step":999,"Episode_Reward/self_collision/torso_arm":0,"Episode_Reward/lower_body/joint_velocity":-0.07933196425437927,"Episode_Reward/lower_body/tracking_lin_vel_xy":7.1946516036987305,"Perf/collection_time":0.9061110019683838,"Loss/lower_body_actor/entropy":-10.020424842834473,"Episode_Reward/lower_body/contact_schedule":1.3001658916473389,"Episode_Reward/lower_body/joint_pos_limits":-0.01711541786789894,"Episode_Reward/self_collision/left_thigh_hand":0,"Episode_Reward/lower_body/tracking_yaw_vel":2.2235937118530273,"Episode_Termination/base_tilted":0.125,"Episode_Reward/lower_body/base_z_orientation":0.5794835090637207,"Episode_Reward/self_collision/left_right_foot":0,"Policy/mean_std":0.11595474928617477,"Metrics/twist/error_vel_yaw":0.13062100112438202,"Metrics/twist/error_vel_xy":0.40909382700920105,"Episode_Reward/upper_body/dcam_xy":-0.6654297709465027,"Episode_Reward/upper_body/joint_velocity":-0.0007090743165463209,"Episode_Reward/upper_body/action_smoothness2":-0.01366923376917839,"Perf/total_fps":85612,"Episode_Termination/time_out":18.291667938232422,"Loss/upper_body_actor/upper_body/surrogate":0.023215482011437416,"Train/mean_reward":63.19367599487305,"Episode_Reward/self_collision/left_foot_right_shin":0,"Episode_Reward/lower_body/joint_torque_limits":-7.229567927424796e-06,"Train/mean_episode_length":249.92999267578125,"Episode_Termination/base_ang_vel_too_high":0,"Episode_Reward/upper_body/action_smoothness1":-0.052514225244522095,"_wandb":{"runtime":1},"Episode_Reward/lower_body/base_ang_vel_xy":-0.0029914285987615585,"Episode_Reward/lower_body/action_smoothness1":-0.17587414383888245,"Episode_Reward/upper_body/joint_pos_limits":0,"Loss/lower_body_actor/lower_body/surrogate":-0.00019782579329330474,"Episode_Termination/bad_contact":0.1666666716337204,"Episode_Reward/upper_body/joint_torque_limits":-7.229567927424796e-06,"Episode_Reward/self_collision/right_foot_left_shin":-3.508771987981163e-05,"Episode_Reward/upper_body/joint_position":-0.05741200968623161,"Loss/upper_body_actor/entropy":-6.479764461517334,"Loss/learning_rate":0.002352283801883459,"Episode_Reward/lower_body/termination":-0.002400870667770505,"Episode_Reward/lower_body/action_smoothness2":-0.02889641374349594,"Loss/central_critic/value":0.014211256988346577,"Episode_Reward/lower_body/base_lin_vel_z":-0.0035822249483317137,"_runtime":1.22144412,"Episode_Reward/lower_body/joint_torque":-0.08612939715385437,"Episode_Reward/lower_body/joint_regularization":0.9308854341506958,"Perf/learning_time":0.24213242530822754,"_timestamp":1.7839615044845493e+09,"Episode_Reward/upper_body/joint_torque":-0.43064698576927185,"Episode_Reward/self_collision/right_thigh_hand":0,"Episode_Reward/upper_body/tracking_cam":1.9981489181518555}