{"Episode_Reward/upper_body/dcam_xy":-0.7253885269165039,"Episode_Reward/upper_body/action_smoothness1":-0.15074864029884338,"Episode_Reward/lower_body/joint_torque":-0.26560860872268677,"Episode_Reward/self_collision/right_foot_left_shin":-6.432748341467232e-05,"Episode_Reward/self_collision/left_thigh_hand":-0.0008739909972064197,"Episode_Reward/lower_body/termination":0,"Loss/lower_body_actor/entropy":-3.761464834213257,"Perf/total_fps":69176,"Perf/collection_time":1.136376142501831,"Episode_Reward/self_collision/right_thigh_hand":-0.000584707478992641,"Loss/central_critic/value":0.016251016408205032,"Episode_Reward/upper_body/joint_position":-0.18783704936504364,"Episode_Reward/self_collision/left_right_foot":0,"Episode_Reward/upper_body/action_smoothness2":-0.03786178678274155,"Episode_Termination/bad_contact":0,"Episode_Reward/upper_body/termination":0,"Metrics/twist/error_vel_xy":0.20940296351909637,"Episode_Reward/lower_body/joint_pos_limits":-0.01874937117099762,"Episode_Reward/lower_body/base_lin_vel_z":-0.0034999619238078594,"Loss/lower_body_actor/lower_body/surrogate":0.0008983257575891912,"Episode_Reward/lower_body/action_smoothness2":-0.0740022212266922,"Episode_Termination/base_tilted":0,"_runtime":1.082482164,"_step":999,"Episode_Reward/upper_body/joint_pos_limits":0,"Episode_Termination/time_out":15.75,"Episode_Reward/lower_body/base_ang_vel_xy":-0.002042665146291256,"Episode_Reward/lower_body/joint_torque_limits":-0.0006139639299362898,"Episode_Reward/lower_body/joint_velocity":-0.12245303392410278,"Episode_Reward/lower_body/tracking_yaw_vel":2.140533447265625,"_wandb":{"runtime":1},"Episode_Reward/upper_body/tracking_cam":2.090907573699951,"Episode_Reward/lower_body/contact_schedule":1.3869132995605469,"Episode_Reward/lower_body/base_z_orientation":0.6015409827232361,"Episode_Reward/upper_body/joint_torque":-1.328042984008789,"Episode_Termination/base_ang_vel_too_high":0,"Metrics/twist/error_vel_yaw":0.16193966567516327,"Episode_Reward/self_collision/torso_arm":-0.00034861391759477556,"Perf/learning_time":0.28467822074890137,"_timestamp":1.7839615213575466e+09,"Train/mean_episode_length":250,"Loss/upper_body_actor/upper_body/surrogate":0.015342431142926216,"Episode_Reward/upper_body/joint_torque_limits":-0.0006139639299362898,"Episode_Reward/lower_body/action_smoothness1":-0.39456385374069214,"Episode_Reward/upper_body/joint_velocity":-0.002020422834903002,"Loss/upper_body_actor/entropy":-1.7102359533309937,"Episode_Reward/lower_body/tracking_lin_vel_xy":8.421689987182617,"Policy/mean_std":0.19141194224357605,"Train/mean_reward":61.10429000854492,"Episode_Reward/lower_body/joint_regularization":0.8910667300224304,"Episode_Termination/base_vel_too_high":0,"Episode_Reward/self_collision/left_foot_right_shin":0,"Loss/learning_rate":0.0011031590402126312}